,Name,Rating,link
0,Rosellia Banquets & Suites,4.5,https://www.google.com/maps/place/Rosellia+Banquets+%26+Suites/data=!4m10!3m9!1s0x390cfbe28a55dd63:0x7b64684258d57658!5m2!4m1!1i2!8m2!3d28.6589271!4d77.3670153!16s%2Fg%2F11szk37_lk!19sChIJY91ViuL7DDkRWHbVWEJoZHs?authuser=0&hl=en&rclk=1
1,"Orchid Farms | Best Banquet Hall in Indirapuram, Ghaziabad",4.5,"https://www.google.com/maps/place/Orchid+Farms+%7C+Best+Banquet+Hall+in+Indirapuram,+Ghaziabad/data=!4m7!3m6!1s0x390cfb6ebd41f61f:0xfe244fe9db2563c1!8m2!3d28.6520405!4d77.3781783!16s%2Fg%2F11rq2gs09r!19sChIJH_ZBvW77DDkRwWMl2-lPJP4?authuser=0&hl=en&rclk=1"
2,Wow Palace Banquet | Best Banquet in indirapuram Ghaziabad,4.0,https://www.google.com/maps/place/Wow+Palace+Banquet+%7C+Best+Banquet+in+indirapuram+Ghaziabad/data=!4m7!3m6!1s0x390cf139d870b6ed:0xb0b292830de64673!8m2!3d28.647635!4d77.378784!16s%2Fg%2F11nz1nq27r!19sChIJ7bZw2DnxDDkRc0bmDYOSsrA?authuser=0&hl=en&rclk=1
3,The Grand Piazza,4.4,https://www.google.com/maps/place/The+Grand+Piazza/data=!4m7!3m6!1s0x390cf00821d7bd1b:0x87975605b82e3fcd!8m2!3d28.6515193!4d77.3781642!16s%2Fg%2F1vm78v89!19sChIJG73XIQjwDDkRzT8uuAVWl4c?authuser=0&hl=en&rclk=1
4,The Royal Palace,3.7,https://www.google.com/maps/place/The+Royal+Palace/data=!4m7!3m6!1s0x390cfabb99b4f21b:0x96c1284b10d5199b!8m2!3d28.653141!4d77.3633214!16s%2Fg%2F11gzqtn1k!19sChIJG_K0mbv6DDkRmxnVEEsowZY?authuser=0&hl=en&rclk=1
5,Elara Banquets Hall,4.3,https://www.google.com/maps/place/Elara+Banquets+Hall/data=!4m7!3m6!1s0x390cfb3ec7605e41:0x430a9f9871d277ed!8m2!3d28.6668859!4d77.3821508!16s%2Fg%2F11f61gp0c7!19sChIJQV5gxz77DDkR7XfScZifCkM?authuser=0&hl=en&rclk=1
6,5 Seas Hotel And Banquet,3.9,https://www.google.com/maps/place/5+Seas+Hotel+And+Banquet/data=!4m7!3m6!1s0x390cfaa0ee2449e5:0xc62f61de5b33fabf!8m2!3d28.6579095!4d77.3763803!16s%2Fg%2F11g6x8rt_2!19sChIJ5Ukk7qD6DDkRv_ozW95hL8Y?authuser=0&hl=en&rclk=1
7,KBC Banquet,4.5,https://www.google.com/maps/place/KBC+Banquet/data=!4m7!3m6!1s0x390cfb31d4555555:0x76560f1703571b7b!8m2!3d28.6414466!4d77.3215379!16s%2Fg%2F11ty4_8z39!19sChIJVVVV1DH7DDkRextXAxcPVnY?authuser=0&hl=en&rclk=1
8,Exotic Garden Farm house | Banquet hall & Marriage hall in Ghaziabad,4.1,https://www.google.com/maps/place/Exotic+Garden+Farm+house+%7C+Banquet+hall+%26+Marriage+hall+in+Ghaziabad/data=!4m7!3m6!1s0x390cf00a068e0eb1:0xfcca411766f7d845!8m2!3d28.6565159!4d77.378049!16s%2Fg%2F119ww2r73!19sChIJsQ6OBgrwDDkRRdj3ZhdByvw?authuser=0&hl=en&rclk=1
9,"Vintage Banquet | Banquet Hall In Vasundhara , Indrapuram",4.2,"https://www.google.com/maps/place/Vintage+Banquet+%7C+Banquet+Hall+In+Vasundhara+,+Indrapuram/data=!4m7!3m6!1s0x390cfbf33d0a281d:0x9e4859be8c269f4a!8m2!3d28.6603021!4d77.3697048!16s%2Fg%2F11t58rx59y!19sChIJHSgKPfP7DDkRSp8mjL5ZSJ4?authuser=0&hl=en&rclk=1"
10,New Shri Durga Palace Banquet,3.7,https://www.google.com/maps/place/New+Shri+Durga+Palace+Banquet/data=!4m7!3m6!1s0x390cfabb9becb37b:0xb32feac758357b05!8m2!3d28.6527679!4d77.3635591!16s%2Fg%2F1hc2fqst2!19sChIJe7Psm7v6DDkRBXs1WMfqL7M?authuser=0&hl=en&rclk=1
11,The Royal Events & Banquets,4.8,https://www.google.com/maps/place/The+Royal+Events+%26+Banquets/data=!4m7!3m6!1s0x390cfbda473818b9:0x8ae248d3cd75117f!8m2!3d28.6470989!4d77.3740044!16s%2Fg%2F11tk8cz2cn!19sChIJuRg4R9r7DDkRfxF1zdNI4oo?authuser=0&hl=en&rclk=1
12,MI GARDENS BEST BANQUET & WEDDING VENUE,4.0,https://www.google.com/maps/place/MI+GARDENS+BEST+BANQUET+%26+WEDDING+VENUE/data=!4m7!3m6!1s0x390cfaa345b2b76f:0xad1a54781c77e0e5!8m2!3d28.6557446!4d77.3677129!16s%2Fg%2F11b76lhx_r!19sChIJb7eyRaP6DDkR5eB3HHhUGq0?authuser=0&hl=en&rclk=1
13,"ROYAL AMBIENCE PARTY LAWN , INDIRAPURAM",4.4,"https://www.google.com/maps/place/ROYAL+AMBIENCE+PARTY+LAWN+,+INDIRAPURAM/data=!4m7!3m6!1s0x390cfb86f078454f:0x551e6810c1e33556!8m2!3d28.6533025!4d77.3777306!16s%2Fg%2F11pckk63_8!19sChIJT0V48Ib7DDkRVjXjwRBoHlU?authuser=0&hl=en&rclk=1"
14,Vasundhara Farm The Party Lawn,4.4,https://www.google.com/maps/place/Vasundhara+Farm+The+Party+Lawn/data=!4m7!3m6!1s0x390cfb107e07fb43:0x9500ee1ca07cde01!8m2!3d28.6642852!4d77.3719232!16s%2Fg%2F11gnt121mg!19sChIJQ_sHfhD7DDkRAd58oBzuAJU?authuser=0&hl=en&rclk=1
15,Mannat Grand,4.5,https://www.google.com/maps/place/Mannat+Grand/data=!4m7!3m6!1s0x390cfbd9d6a8a909:0xc5c6ca8b9c79c00e!8m2!3d28.6615786!4d77.374157!16s%2Fg%2F11wwvbhy1d!19sChIJCamo1tn7DDkRDsB5nIvKxsU?authuser=0&hl=en&rclk=1
16,Satyam Farm House and Marriage Hall,4.1,https://www.google.com/maps/place/Satyam+Farm+House+and+Marriage+Hall/data=!4m7!3m6!1s0x390cfaa0b1951423:0xdc52073bd73bd81a!8m2!3d28.656252!4d77.3772803!16s%2Fg%2F1yh9tvh9j!19sChIJIxSVsaD6DDkRGtg71zsHUtw?authuser=0&hl=en&rclk=1
17,3G Celebration Banquet,4.2,https://www.google.com/maps/place/3G+Celebration+Banquet/data=!4m7!3m6!1s0x390cfaa91208243d:0x2f02938e57414b17!8m2!3d28.6457525!4d77.3750556!16s%2Fg%2F11c59v0wjw!19sChIJPSQIEqn6DDkRF0tBV46TAi8?authuser=0&hl=en&rclk=1
18,Golden Moments | Best Banquet Hall in Vasundhara,4.8,https://www.google.com/maps/place/Golden+Moments+%7C+Best+Banquet+Hall+in+Vasundhara/data=!4m7!3m6!1s0x390cfbc543f2b86d:0x6dae95167f29ddae!8m2!3d28.6599981!4d77.3567687!16s%2Fg%2F11trnxh004!19sChIJbbjyQ8X7DDkRrt0pfxaVrm0?authuser=0&hl=en&rclk=1
19,Grand Milan Banquets,4.1,https://www.google.com/maps/place/Grand+Milan+Banquets/data=!4m7!3m6!1s0x390cfbc5f80fe7db:0xddb620bb8c4f2308!8m2!3d28.639894!4d77.326518!16s%2Fg%2F11hzxbvhl9!19sChIJ2-cP-MX7DDkRCCNPjLsgtt0?authuser=0&hl=en&rclk=1
20,Sandal Tree By SK,4.6,https://www.google.com/maps/place/Sandal+Tree+By+SK/data=!4m7!3m6!1s0x390cfb216fdc08b1:0xd2c1f28e7b10ee00!8m2!3d28.6529499!4d77.3252847!16s%2Fg%2F11c3881vxb!19sChIJsQjcbyH7DDkRAO4Qe47ywdI?authuser=0&hl=en&rclk=1
21,The Grand Palace Rooms & Banquets,4.0,https://www.google.com/maps/place/The+Grand+Palace+Rooms+%26+Banquets/data=!4m7!3m6!1s0x390cfb68ed6ff119:0xb10e476eb1e5ca6e!8m2!3d28.6470817!4d77.3742258!16s%2Fg%2F11y7sh_pbg!19sChIJGfFv7Wj7DDkRbsrlsW5HDrE?authuser=0&hl=en&rclk=1
22,Madhuvan Party Lawn,4.4,https://www.google.com/maps/place/Madhuvan+Party+Lawn/data=!4m7!3m6!1s0x390cf15085e0b6c9:0x89c35c2c166cac67!8m2!3d28.6619523!4d77.390835!16s%2Fg%2F11rtmzp8vj!19sChIJybbghVDxDDkRZ6xsFixcw4k?authuser=0&hl=en&rclk=1
23,The Velvet Banquet,4.1,https://www.google.com/maps/place/The+Velvet+Banquet/data=!4m7!3m6!1s0x390cfb1b9ce4c1cd:0xcd925fe6cdcb082f!8m2!3d28.6476097!4d77.368816!16s%2Fg%2F11cnx9_nfy!19sChIJzcHknBv7DDkRLwjLzeZfks0?authuser=0&hl=en&rclk=1
24,Pearl Green banquet ghaziabad,3.7,https://www.google.com/maps/place/Pearl+Green+banquet+ghaziabad/data=!4m7!3m6!1s0x390cfac0299218bb:0xea04d91ecd52a257!8m2!3d28.6587989!4d77.3535309!16s%2Fg%2F11g8g31hvs!19sChIJuxiSKcD6DDkRV6JSzR7ZBOo?authuser=0&hl=en&rclk=1
25,Golden Castle Banquets,3.9,https://www.google.com/maps/place/Golden+Castle+Banquets/data=!4m7!3m6!1s0x390cf00042ed1d81:0x8b7986a17f687dd9!8m2!3d28.6406641!4d77.3781098!16s%2Fg%2F11bytmb32g!19sChIJgR3tQgDwDDkR2X1of6GGeYs?authuser=0&hl=en&rclk=1
26,The Great Callina Banquet Hall,3.8,https://www.google.com/maps/place/The+Great+Callina+Banquet+Hall/data=!4m7!3m6!1s0x390cfb210ada103f:0xa872005e4fae2225!8m2!3d28.6701412!4d77.3621341!16s%2Fg%2F11f1vm6mkg!19sChIJPxDaCiH7DDkRJSKuT14Acqg?authuser=0&hl=en&rclk=1
27,Kinsfolk Inn Hotel and Banquet,4.0,https://www.google.com/maps/place/Kinsfolk+Inn+Hotel+and+Banquet/data=!4m7!3m6!1s0x390cf1aeaad7fedb:0x1990fb068efdaee9!8m2!3d28.6656551!4d77.3815341!16s%2Fg%2F11hsr8w8sw!19sChIJ2_7Xqq7xDDkR6a79jgb7kBk?authuser=0&hl=en&rclk=1
28,Red Rose Banquet Hall,3.7,https://www.google.com/maps/place/Red+Rose+Banquet+Hall/data=!4m7!3m6!1s0x390cfaa283228f8b:0xf45ae07e4af54af!8m2!3d28.6605554!4d77.3690928!16s%2Fg%2F11f3458hz0!19sChIJi48ig6L6DDkRr1Sv5AeuRQ8?authuser=0&hl=en&rclk=1
29,Manglam Palace Banquet Vasundhra Sector 10,4.4,https://www.google.com/maps/place/Manglam+Palace+Banquet+Vasundhra+Sector+10/data=!4m7!3m6!1s0x390cfb32f99fe769:0xbfcdf89272cd0554!8m2!3d28.6605471!4d77.3690756!16s%2Fg%2F11p11j91dq!19sChIJaeef-TL7DDkRVAXNcpL4zb8?authuser=0&hl=en&rclk=1
30,Amaatra Banquet Vasundhara,3.8,https://www.google.com/maps/place/Amaatra+Banquet+Vasundhara/data=!4m7!3m6!1s0x390cfb4b4ae5c091:0x369b5658647edf41!8m2!3d28.6583714!4d77.3701453!16s%2Fg%2F11j0nj7kyx!19sChIJkcDlSkv7DDkRQd9-ZFhWmzY?authuser=0&hl=en&rclk=1
31,The Monarch Banquets,4.2,https://www.google.com/maps/place/The+Monarch+Banquets/data=!4m7!3m6!1s0x390cfaace18ec68b:0x9d382221896cf667!8m2!3d28.6392262!4d77.3688199!16s%2Fg%2F11c2pkx6s7!19sChIJi8aO4az6DDkRZ_ZsiSEiOJ0?authuser=0&hl=en&rclk=1
32,Hollywood Dreams,4.5,https://www.google.com/maps/place/Hollywood+Dreams/data=!4m7!3m6!1s0x390cfb0f1b09e0e9:0x7d55c6f380a5c441!8m2!3d28.6497417!4d77.3386759!16s%2Fg%2F11c5qsfl68!19sChIJ6eAJGw_7DDkRQcSlgPPGVX0?authuser=0&hl=en&rclk=1
33,Wow Ceremonial Banquet,4.5,https://www.google.com/maps/place/Wow+Ceremonial+Banquet/data=!4m7!3m6!1s0x390cfb6f8e883a85:0x6a5f60e2e9c41dff!8m2!3d28.6410131!4d77.378388!16s%2Fg%2F11vr_lf0hn!19sChIJhTqIjm_7DDkR_x3E6eJgX2o?authuser=0&hl=en&rclk=1
34,Raj Party Lounge,4.7,https://www.google.com/maps/place/Raj+Party+Lounge/data=!4m7!3m6!1s0x390cfb26d2f4be3f:0x7fc8c18d263c94f6!8m2!3d28.6487004!4d77.3215567!16s%2Fg%2F11bywl1zm_!19sChIJP7700ib7DDkR9pQ8Jo3ByH8?authuser=0&hl=en&rclk=1
35,"The Grand Palace, Banquet Hall (Weddingz.in Partner)",3.6,"https://www.google.com/maps/place/The+Grand+Palace,+Banquet+Hall+%28Weddingz.in+Partner%29/data=!4m7!3m6!1s0x390cfb3ca9ccecad:0xc1214b861604bf01!8m2!3d28.6470811!4d77.3742249!16s%2Fg%2F11jj_0zkv4!19sChIJrezMqTz7DDkRAb8EFoZLIcE?authuser=0&hl=en&rclk=1"
36,Golden Castle Party Lawns,4.0,https://www.google.com/maps/place/Golden+Castle+Party+Lawns/data=!4m7!3m6!1s0x390cfa9abbf9ca15:0x405821940d6535d8!8m2!3d28.670995!4d77.3679335!16s%2Fg%2F11c20wczyc!19sChIJFcr5u5r6DDkR2DVlDZQhWEA?authuser=0&hl=en&rclk=1
37,Miraya Banquet,4.3,https://www.google.com/maps/place/Miraya+Banquet/data=!4m7!3m6!1s0x390cfadd0324f8eb:0x9381ba5303e87d35!8m2!3d28.6554365!4d77.341683!16s%2Fg%2F11c7_qwz5q!19sChIJ6_gkA936DDkRNX3oA1O6gZM?authuser=0&hl=en&rclk=1
38,Red Carpet Grand,4.5,https://www.google.com/maps/place/Red+Carpet+Grand/data=!4m7!3m6!1s0x390cf0e5a1cbe537:0xed98b6dab70ef2fc!8m2!3d28.7025909!4d77.4136649!16s%2Fg%2F119vdv80z!19sChIJN-XLoeXwDDkR_PIOt9q2mO0?authuser=0&hl=en&rclk=1
39,The Event Palace,3.9,https://www.google.com/maps/place/The+Event+Palace/data=!4m7!3m6!1s0x390cfbe3b7f5878b:0x455c944353167962!8m2!3d28.6475401!4d77.368773!16s%2Fg%2F11l1d09v1f!19sChIJi4f1t-P7DDkRYnkWU0OUXEU?authuser=0&hl=en&rclk=1
40,White Rose Banquets,4.4,https://www.google.com/maps/place/White+Rose+Banquets/data=!4m7!3m6!1s0x390cfb93631b7ad5:0xe11aa2a724fa73bc!8m2!3d28.656019!4d77.3508414!16s%2Fg%2F11j418fcvq!19sChIJ1XobY5P7DDkRvHP6JKeiGuE?authuser=0&hl=en&rclk=1
41,Grand Milan Banquet Hall,4.2,https://www.google.com/maps/place/Grand+Milan+Banquet+Hall/data=!4m7!3m6!1s0x390cfb2fa1ee0c67:0xb978980c3aac2a31!8m2!3d28.6450025!4d77.3264734!16s%2Fg%2F1hc2rtnql!19sChIJZwzuoS_7DDkRMSqsOgyYeLk?authuser=0&hl=en&rclk=1
42,Zestin Banquets,4.1,https://www.google.com/maps/place/Zestin+Banquets/data=!4m7!3m6!1s0x390cfaebf950c6ed:0x8fade2eb40115bde!8m2!3d28.6614197!4d77.3344451!16s%2Fg%2F11d_cxt2lb!19sChIJ7cZQ-ev6DDkR3lsRQOvirY8?authuser=0&hl=en&rclk=1
43,The Euphoriya Banquet (Fully AC) - Ghaziabad,4.4,https://www.google.com/maps/place/The+Euphoriya+Banquet+%28Fully+AC%29+-+Ghaziabad/data=!4m7!3m6!1s0x390cf122fab2a705:0xa6d8caa0121b4dab!8m2!3d28.6760301!4d77.4253627!16s%2Fg%2F11kpdbcjr7!19sChIJBaey-iLxDDkRq00bEqDK2KY?authuser=0&hl=en&rclk=1
44,"The Grand Paris | Best Banquet Hall in Sahibabad, Ghaziabad",4.3,"https://www.google.com/maps/place/The+Grand+Paris+%7C+Best+Banquet+Hall+in+Sahibabad,+Ghaziabad/data=!4m7!3m6!1s0x390cfb71820333f1:0x9db6c56c3548a840!8m2!3d28.6610478!4d77.3548285!16s%2Fg%2F11j5cf8tz7!19sChIJ8TMDgnH7DDkRQKhINWzFtp0?authuser=0&hl=en&rclk=1"
45,Silver Spoons,4.5,https://www.google.com/maps/place/Silver+Spoons/data=!4m7!3m6!1s0x390cfa8b5197f0f7:0x6c64b62ffdf15cef!8m2!3d28.6556429!4d77.3503043!16s%2Fg%2F11dxlbcnfx!19sChIJ9_CXUYv6DDkR71zx_S-2ZGw?authuser=0&hl=en&rclk=1
46,SONEX BANQUET,4.8,https://www.google.com/maps/place/SONEX+BANQUET/data=!4m7!3m6!1s0x390cfb9d87bb5afd:0x7647319066bd1b92!8m2!3d28.6667528!4d77.3904818!16s%2Fg%2F11kc2nm776!19sChIJ_Vq7h537DDkRkhu9ZpAxR3Y?authuser=0&hl=en&rclk=1
47,Ambrosia Palace,4.4,https://www.google.com/maps/place/Ambrosia+Palace/data=!4m7!3m6!1s0x390cfb2a97d74a05:0xc904b013aec79759!8m2!3d28.6409111!4d77.3359438!16s%2Fg%2F11fk0ls872!19sChIJBUrXlyr7DDkRWZfHrhOwBMk?authuser=0&hl=en&rclk=1
48,Milan Ambience Banquet,4.2,https://www.google.com/maps/place/Milan+Ambience+Banquet/data=!4m7!3m6!1s0x390cf1e9af514367:0x24ac50d170aaa83e!8m2!3d28.6602897!4d77.4496416!16s%2Fg%2F11bwhbg0w6!19sChIJZ0NRr-nxDDkRPqiqcNFQrCQ?authuser=0&hl=en&rclk=1
49,L'ELEGANT Hotel & Banquets (Ace Manor),3.8,https://www.google.com/maps/place/L%27ELEGANT+Hotel+%26+Banquets+%28Ace+Manor%29/data=!4m10!3m9!1s0x390cfadd8bb947a1:0xc74d7e086a4e09ae!5m2!4m1!1i2!8m2!3d28.6558725!4d77.3412414!16s%2Fg%2F11cjhjyyk6!19sChIJoUe5i936DDkRrglOagh-Tcc?authuser=0&hl=en&rclk=1
50,GRAND K B C BANQUET,4.3,https://www.google.com/maps/place/GRAND+K+B+C+BANQUET/data=!4m7!3m6!1s0x390cfb22c53bfd31:0x985e40d9a4abbdff!8m2!3d28.6721638!4d77.3270357!16s%2Fg%2F11smqj7lt3!19sChIJMf07xSL7DDkR_72rpNlAXpg?authuser=0&hl=en&rclk=1
51,Hotel Mukut Regency | Banquets Hall | Wedding functions |Birthday Celebration | Vasundhara,3.9,https://www.google.com/maps/place/Hotel+Mukut+Regency+%7C+Banquets+Hall+%7C+Wedding+functions+%7CBirthday+Celebration+%7C+Vasundhara/data=!4m10!3m9!1s0x390cfb75eb8c6081:0xb6b83597604eb395!5m2!4m1!1i2!8m2!3d28.6545806!4d77.3638099!16s%2Fg%2F11b6_h38b2!19sChIJgWCM63X7DDkRlbNOYJc1uLY?authuser=0&hl=en&rclk=1
52,MAPS INN HOTEL & BANQUET & RESTAURANT,4.3,https://www.google.com/maps/place/MAPS+INN+HOTEL+%26+BANQUET+%26+RESTAURANT/data=!4m10!3m9!1s0x390cfbeac1fced2b:0xb5a7cc9d60ba510d!5m2!4m1!1i2!8m2!3d28.6554885!4d77.3600075!16s%2Fg%2F11pdwgkp9s!19sChIJK-38wer7DDkRDVG6YJ3Mp7U?authuser=0&hl=en&rclk=1
53,Green Aura Party Lawn,4.4,https://www.google.com/maps/place/Green+Aura+Party+Lawn/data=!4m7!3m6!1s0x390cfb7c0138c097:0x72e208f786b30999!8m2!3d28.6591575!4d77.3540793!16s%2Fg%2F11pcsfvqr_!19sChIJl8A4AXz7DDkRmQmzhvcI4nI?authuser=0&hl=en&rclk=1
54,Andaaz Party Hall Ghaziabad,4.5,https://www.google.com/maps/place/Andaaz+Party+Hall+Ghaziabad/data=!4m7!3m6!1s0x390cf12b047febdb:0xf7d6bf43a89c2956!8m2!3d28.6519899!4d77.4425741!16s%2Fg%2F11r7664cfz!19sChIJ2-t_BCvxDDkRVimcqEO_1vc?authuser=0&hl=en&rclk=1
55,Blooms banquet,4.4,https://www.google.com/maps/place/Blooms+banquet/data=!4m7!3m6!1s0x390cfb854a8ddc87:0xaf25c723c3710f04!8m2!3d28.66083!4d77.3696761!16s%2Fg%2F11h93rp9pl!19sChIJh9yNSoX7DDkRBA9xwyPHJa8?authuser=0&hl=en&rclk=1
56,Platinum Crown - Banquet Hall in Raj Nagar Extension Ghaziabad,4.4,https://www.google.com/maps/place/Platinum+Crown+-+Banquet+Hall+in+Raj+Nagar+Extension+Ghaziabad/data=!4m7!3m6!1s0x390cf121b8fcda59:0x69789beec5d81139!8m2!3d28.7018483!4d77.3999638!16s%2Fg%2F11s9dkf8bw!19sChIJWdr8uCHxDDkRORHYxe6beGk?authuser=0&hl=en&rclk=1
57,"Lapearl Banquet, Indirapuram",4.6,"https://www.google.com/maps/place/Lapearl+Banquet,+Indirapuram/data=!4m7!3m6!1s0x390cfb6b81950d01:0xc0589025192f6030!8m2!3d28.638651!4d77.3612889!16s%2Fg%2F11jztldqy7!19sChIJAQ2VgWv7DDkRMGAvGSWQWMA?authuser=0&hl=en&rclk=1"
58,Orriva By Awadh,4.4,https://www.google.com/maps/place/Orriva+By+Awadh/data=!4m7!3m6!1s0x390cf1d84144f87b:0xf58b5aea6da367fb!8m2!3d28.7028906!4d77.4180697!16s%2Fg%2F11j331yy1x!19sChIJe_hEQdjxDDkR-2ejbepai_U?authuser=0&hl=en&rclk=1
59,Century Grand Hotel & Banquet,4.0,https://www.google.com/maps/place/Century+Grand+Hotel+%26+Banquet/data=!4m7!3m6!1s0x390cfa4c49a25cf3:0x8f5f7c6a456ab4e6!8m2!3d28.6948081!4d77.3376326!16s%2Fg%2F11ddwwr0sx!19sChIJ81yiSUz6DDkR5rRqRWp8X48?authuser=0&hl=en&rclk=1
60,Volga Palace,4.0,https://www.google.com/maps/place/Volga+Palace/data=!4m7!3m6!1s0x390cf1b9b295d5df:0xa32ec7137e774f30!8m2!3d28.6702098!4d77.4380176!16s%2Fg%2F1tdqrxq1!19sChIJ39WVsrnxDDkRME93fhPHLqM?authuser=0&hl=en&rclk=1
61,Diamond Ambience Banquets,4.5,https://www.google.com/maps/place/Diamond+Ambience+Banquets/data=!4m7!3m6!1s0x390cf156a7e9fa19:0x96cfa51f1ee713a5!8m2!3d28.6643925!4d77.4570109!16s%2Fg%2F11rv5jp1b9!19sChIJGfrpp1bxDDkRpRPnHh-lz5Y?authuser=0&hl=en&rclk=1
62,Aashirwad Greens,4.5,https://www.google.com/maps/place/Aashirwad+Greens/data=!4m7!3m6!1s0x390cfb46b83fbdf1:0x39cd1483a5c945e1!8m2!3d28.7036618!4d77.3314044!16s%2Fg%2F11rklyxgk7!19sChIJ8b0_uEb7DDkR4UXJpYMUzTk?authuser=0&hl=en&rclk=1
63,"Golden Castle Banquets, Galaxie Mall",4.0,"https://www.google.com/maps/place/Golden+Castle+Banquets,+Galaxie+Mall/data=!4m7!3m6!1s0x390cfac3236384d5:0xed52c71cca073feb!8m2!3d28.6549613!4d77.3450247!16s%2Fg%2F11dym91786!19sChIJ1YRjI8P6DDkR6z8HyhzHUu0?authuser=0&hl=en&rclk=1"
64,Imperial Park,4.3,https://www.google.com/maps/place/Imperial+Park/data=!4m7!3m6!1s0x390cfae7259ee311:0x7df53b3b2fc44413!8m2!3d28.6600449!4d77.3388888!16s%2Fg%2F11ddz90dcs!19sChIJEeOeJef6DDkRE0TELzs79X0?authuser=0&hl=en&rclk=1
65,ORNATE PALACE,4.3,https://www.google.com/maps/place/ORNATE+PALACE/data=!4m7!3m6!1s0x390cf1a306faaaab:0x674b0004c430825!8m2!3d28.6818462!4d77.4438876!16s%2Fg%2F11qbkqt02w!19sChIJq6r6BqPxDDkRJQhDTACwdAY?authuser=0&hl=en&rclk=1
66,"Kimaya Ambience Banquet - Best Banquet Hall in Pandav Nagar, Ghaziabad",4.5,"https://www.google.com/maps/place/Kimaya+Ambience+Banquet+-+Best+Banquet+Hall+in+Pandav+Nagar,+Ghaziabad/data=!4m7!3m6!1s0x390cf398b99f8739:0x9bceb33f1531945f!8m2!3d28.6596718!4d77.4668433!16s%2Fg%2F11sz2h20d4!19sChIJOYefuZjzDDkRX5QxFT-zzps?authuser=0&hl=en&rclk=1"
67,"S K Ceremony , Hotel Green Palm",4.2,"https://www.google.com/maps/place/S+K+Ceremony+,+Hotel+Green+Palm/data=!4m7!3m6!1s0x390cfb6520227f11:0xfa232f18b65f8e51!8m2!3d28.6465644!4d77.3200581!16s%2Fg%2F124sqprmq!19sChIJEX8iIGX7DDkRUY5fthgvI_o?authuser=0&hl=en&rclk=1"
68,Star Heritage Farms,4.3,https://www.google.com/maps/place/Star+Heritage+Farms/data=!4m7!3m6!1s0x390cf103b0759feb:0xf41a0a219fcb6ad1!8m2!3d28.6968685!4d77.4270139!16s%2Fg%2F11c5swqw2z!19sChIJ6591sAPxDDkR0WrLnyEKGvQ?authuser=0&hl=en&rclk=1
69,Royal Orchid Banquet.,3.7,https://www.google.com/maps/place/Royal+Orchid+Banquet./data=!4m7!3m6!1s0x390cfa8604dc8d0b:0x658bf7d0c228cb7f!8m2!3d28.678445!4d77.367685!16s%2Fg%2F11fx91t_rg!19sChIJC43cBIb6DDkRf8sowtD3i2U?authuser=0&hl=en&rclk=1
70,Celebration Garden,3.9,https://www.google.com/maps/place/Celebration+Garden/data=!4m7!3m6!1s0x390cf066013c0323:0xb1cb4c4ee6519054!8m2!3d28.6755288!4d77.3959726!16s%2Fg%2F11b6p_wzm8!19sChIJIwM8AWbwDDkRVJBR5k5My7E?authuser=0&hl=en&rclk=1
71,Grand Petals Banquet hall,4.0,https://www.google.com/maps/place/Grand+Petals+Banquet+hall/data=!4m7!3m6!1s0x390cf101986b7c9d:0xd135dab96cba9379!8m2!3d28.6730666!4d77.4301566!16s%2Fg%2F11l6zxxzlt!19sChIJnXxrmAHxDDkReZO6bLnaNdE?authuser=0&hl=en&rclk=1
72,N R GRAND FARM HOUSE,4.1,https://www.google.com/maps/place/N+R+GRAND+FARM+HOUSE/data=!4m7!3m6!1s0x390cf216824ea523:0xcd4cd2acae1e1d28!8m2!3d28.6676162!4d77.4898134!16s%2Fg%2F11c54h7wnk!19sChIJI6VOghbyDDkRKB0erqzSTM0?authuser=0&hl=en&rclk=1
73,Aadhya Banquet,4.7,https://www.google.com/maps/place/Aadhya+Banquet/data=!4m7!3m6!1s0x390cf182f94a72f5:0x66c32242c5973773!8m2!3d28.6759061!4d77.4431711!16s%2Fg%2F11ll3n_dz3!19sChIJ9XJK-YLxDDkRczeXxUIiw2Y?authuser=0&hl=en&rclk=1
74,"Golden rivaah banquet- banquet hall, party hall, conference hall in indrapuram",4.0,"https://www.google.com/maps/place/Golden+rivaah+banquet-+banquet+hall,+party+hall,+conference+hall+in+indrapuram/data=!4m7!3m6!1s0x390cfb44e8ae9d31:0x7fa8a46921439d69!8m2!3d28.6451145!4d77.3529589!16s%2Fg%2F11t4c332bt!19sChIJMZ2u6ET7DDkRaZ1DIWmkqH8?authuser=0&hl=en&rclk=1"
75,Atithi Banquet,3.8,https://www.google.com/maps/place/Atithi+Banquet/data=!4m7!3m6!1s0x390ce554d4b559d7:0x127a74cb91fccf02!8m2!3d28.6380263!4d77.3757427!16s%2Fg%2F11gfm0wzn6!19sChIJ11m11FTlDDkRAs_8kct0ehI?authuser=0&hl=en&rclk=1
76,Rudrakshaa Banquet,4.3,https://www.google.com/maps/place/Rudrakshaa+Banquet/data=!4m7!3m6!1s0x390cfbccfc5bf003:0xb76f5b135a8b2c93!8m2!3d28.6503731!4d77.340276!16s%2Fg%2F11h2cc6xhm!19sChIJA_Bb_Mz7DDkRkyyLWhNbb7c?authuser=0&hl=en&rclk=1
77,Trinity Banquet by The Grand Iris,4.6,https://www.google.com/maps/place/Trinity+Banquet+by+The+Grand+Iris/data=!4m7!3m6!1s0x390cf1479fe5f975:0x9c4c12230379b54b!8m2!3d28.6690154!4d77.4485249!16s%2Fg%2F11v07ktxp6!19sChIJdfnln0fxDDkRS7V5AyMSTJw?authuser=0&hl=en&rclk=1
78,Vedantam Banquets,4.7,https://www.google.com/maps/place/Vedantam+Banquets/data=!4m7!3m6!1s0x390cf100207f5dc1:0x84bab28de2e37f98!8m2!3d28.7044111!4d77.4163593!16s%2Fg%2F11w28yc627!19sChIJwV1_IADxDDkRmH_j4o2yuoQ?authuser=0&hl=en&rclk=1
79,Sanssara Banquets,4.4,https://www.google.com/maps/place/Sanssara+Banquets/data=!4m7!3m6!1s0x390cfb4ea3a4c7a9:0x9322bb82f24356f8!8m2!3d28.6579856!4d77.3519765!16s%2Fg%2F11whpxw43f!19sChIJqceko077DDkR-FZD8oK7IpM?authuser=0&hl=en&rclk=1
80,Park Crown Banquet Kaushambi,4.3,https://www.google.com/maps/place/Park+Crown+Banquet+Kaushambi/data=!4m7!3m6!1s0x390cfb25e31c1ec3:0x41999820fdf344ac!8m2!3d28.6460327!4d77.3265019!16s%2Fg%2F11cmn818_6!19sChIJwx4c4yX7DDkRrETz_SCYmUE?authuser=0&hl=en&rclk=1
81,R K Banquet,4.0,https://www.google.com/maps/place/R+K+Banquet/data=!4m7!3m6!1s0x390cf1dc7741e4b9:0x5aed44f7f3038d13!8m2!3d28.6509447!4d77.440975!16s%2Fg%2F11bwdj3p1j!19sChIJueRBd9zxDDkRE40D8_dE7Vo?authuser=0&hl=en&rclk=1
82,Raas Banquet,3.8,https://www.google.com/maps/place/Raas+Banquet/data=!4m7!3m6!1s0x390cf18ea32744a9:0x7b38b7b5030bd909!8m2!3d28.6377646!4d77.3330657!16s%2Fg%2F11kb43459z!19sChIJqUQno47xDDkRCdkLA7W3OHs?authuser=0&hl=en&rclk=1
83,Hotel Lotus Grace,4.4,https://www.google.com/maps/place/Hotel+Lotus+Grace/data=!4m7!3m6!1s0x390cfbcf10658773:0x366c4f39c42919ab!8m2!3d28.6531646!4d77.325405!16s%2Fg%2F11h0gzkffc!19sChIJc4dlEM_7DDkRqxkpxDlPbDY?authuser=0&hl=en&rclk=1
84,"Weddings Land Farm, Banquet Hall (Weddingz.in Partner)",4.8,"https://www.google.com/maps/place/Weddings+Land+Farm,+Banquet+Hall+%28Weddingz.in+Partner%29/data=!4m7!3m6!1s0x390cf10dd65b5f31:0x2010fc383729d9bb!8m2!3d28.661859!4d77.392219!16s%2Fg%2F11hz8rx72r!19sChIJMV9b1g3xDDkRu9kpNzj8ECA?authuser=0&hl=en&rclk=1"
85,Tanushree Grand Farm House,4.2,https://www.google.com/maps/place/Tanushree+Grand+Farm+House/data=!4m7!3m6!1s0x390cf2034424d91b:0x504937a658cd1af0!8m2!3d28.6645568!4d77.4786509!16s%2Fg%2F1tvgsqhn!19sChIJG9kkRAPyDDkR8BrNWKY3SVA?authuser=0&hl=en&rclk=1
86,Banana Tree Hotel & Banquets,3.9,https://www.google.com/maps/place/Banana+Tree+Hotel+%26+Banquets/data=!4m10!3m9!1s0x390cfadd6278b77f:0x8dcc78dad319a418!5m2!4m1!1i2!8m2!3d28.6613826!4d77.3349021!16s%2Fg%2F11b7hpy7hd!19sChIJf7d4Yt36DDkRGKQZ09p4zI0?authuser=0&hl=en&rclk=1
87,Utsav Bhawan,3.7,https://www.google.com/maps/place/Utsav+Bhawan/data=!4m7!3m6!1s0x390cf1d43f7ec59b:0x68b1efb49742153!8m2!3d28.6474731!4d77.4285769!16s%2Fg%2F1hc7dvyv7!19sChIJm8V-P9TxDDkRUyF0SfseiwY?authuser=0&hl=en&rclk=1
88,Casa lima,3.7,https://www.google.com/maps/place/Casa+lima/data=!4m7!3m6!1s0x390cf1da56df47d9:0x4dda61bef4c88dad!8m2!3d28.652461!4d77.4379819!16s%2Fg%2F11ckvvw2yz!19sChIJ2UffVtrxDDkRrY3I9L5h2k0?authuser=0&hl=en&rclk=1
89,Vitara Hotel & Banquet,4.7,https://www.google.com/maps/place/Vitara+Hotel+%26+Banquet/data=!4m7!3m6!1s0x390cfb002bec3f39:0x6c0f6b0fb9c93d2d!8m2!3d28.6767953!4d77.3493058!16s%2Fg%2F11w4p4rvzx!19sChIJOT_sKwD7DDkRLT3JuQ9rD2w?authuser=0&hl=en&rclk=1
90,Panache Banquets & Restaurant,3.9,https://www.google.com/maps/place/Panache+Banquets+%26+Restaurant/data=!4m7!3m6!1s0x390cfb2f4a846759:0x4d3546a78802d016!8m2!3d28.6439825!4d77.3265759!16s%2Fg%2F11cnbyf9b3!19sChIJWWeESi_7DDkRFtACiKdGNU0?authuser=0&hl=en&rclk=1
91,Grand Aashirwad Banquet,4.0,https://www.google.com/maps/place/Grand+Aashirwad+Banquet/data=!4m7!3m6!1s0x390cfbd966cdb08f:0xc92b9bc6acc12e69!8m2!3d28.6940087!4d77.3432243!16s%2Fg%2F11h7b_wyst!19sChIJj7DNZtn7DDkRaS7BrMabK8k?authuser=0&hl=en&rclk=1
92,Shubh Samaroh Banquet & Farm,4.0,https://www.google.com/maps/place/Shubh+Samaroh+Banquet+%26+Farm/data=!4m7!3m6!1s0x390cf3ef924f3b0f:0x459ba2d8ee20075!8m2!3d28.6856096!4d77.4873333!16s%2Fg%2F11fhwvjkf6!19sChIJDztPku_zDDkRdQDiji26WQQ?authuser=0&hl=en&rclk=1
93,Ishwar Banquet Hall,3.2,https://www.google.com/maps/place/Ishwar+Banquet+Hall/data=!4m7!3m6!1s0x390cfa87771e7149:0xa2a1698195fb693!8m2!3d28.6828357!4d77.3700155!16s%2Fg%2F1q62k_vp2!19sChIJSXEed4f6DDkRk7ZfGZgWKgo?authuser=0&hl=en&rclk=1
94,Vandana farms,4.0,https://www.google.com/maps/place/Vandana+farms/data=!4m7!3m6!1s0x390cfac1c85568c5:0x36b21bf715d4b0e1!8m2!3d28.658001!4d77.3519603!16s%2Fg%2F11dyntjgqc!19sChIJxWhVyMH6DDkR4bDUFfcbsjY?authuser=0&hl=en&rclk=1
95,Mahira palace,4.1,https://www.google.com/maps/place/Mahira+palace/data=!4m7!3m6!1s0x390cfbe194e46739:0xe335e74c06547a69!8m2!3d28.6918524!4d77.3494303!16s%2Fg%2F11kw0fpb4y!19sChIJOWfklOH7DDkRaXpUBkznNeM?authuser=0&hl=en&rclk=1
96,Omega Greens Banquet And Lawn,4.0,https://www.google.com/maps/place/Omega+Greens+Banquet+And+Lawn/data=!4m7!3m6!1s0x390cf11e7fea2dfb:0x256a8534ad276fdb!8m2!3d28.7064677!4d77.4270164!16s%2Fg%2F11dxbd1mwg!19sChIJ-y3qfx7xDDkR228nrTSFaiU?authuser=0&hl=en&rclk=1
97,Ashirwad Banquet,3.7,https://www.google.com/maps/place/Ashirwad+Banquet/data=!4m7!3m6!1s0x390cefde367f808b:0x1c9a15fb922e121b!8m2!3d28.6377452!4d77.4025841!16s%2Fg%2F11tf_4l5h8!19sChIJi4B_Nt7vDDkRGxIukvsVmhw?authuser=0&hl=en&rclk=1
98,Palazio Banquets,3.9,https://www.google.com/maps/place/Palazio+Banquets/data=!4m7!3m6!1s0x390cf1ac12ca26d9:0xd8349ff390f6974!8m2!3d28.6827196!4d77.4286536!16s%2Fg%2F11fz9x4npn!19sChIJ2SbKEqzxDDkRdGkPOf9Jgw0?authuser=0&hl=en&rclk=1
99,Bella Vista Banquet & Restaurant,4.6,https://www.google.com/maps/place/Bella+Vista+Banquet+%26+Restaurant/data=!4m7!3m6!1s0x390cf1f78a8bce21:0x7ed920272e8f9380!8m2!3d28.6468352!4d77.4145003!16s%2Fg%2F11ldsvjwtc!19sChIJIc6LivfxDDkRgJOPLicg2X4?authuser=0&hl=en&rclk=1
100,La Castle,3.0,https://www.google.com/maps/place/La+Castle/data=!4m7!3m6!1s0x390cfbe16201957f:0x305788520323b106!8m2!3d28.6767952!4d77.3465988!16s%2Fg%2F11fsnwd_94!19sChIJf5UBYuH7DDkRBrEjA1KIVzA?authuser=0&hl=en&rclk=1
101,Amaatra Banquet by Legacy Group,4.5,https://www.google.com/maps/place/Amaatra+Banquet+by+Legacy+Group/data=!4m7!3m6!1s0x390cef3cec20d56b:0xbf19833230d96cc5!8m2!3d28.6178668!4d77.4185874!16s%2Fg%2F11k9ybmhlh!19sChIJa9Ug7DzvDDkRxWzZMDKDGb8?authuser=0&hl=en&rclk=1
102,The Grand Iris,4.1,https://www.google.com/maps/place/The+Grand+Iris/data=!4m7!3m6!1s0x390cf2468de9d653:0xb8ff10f086424aef!8m2!3d28.6803282!4d77.4946202!16s%2Fg%2F11btwrnb3d!19sChIJU9bpjUbyDDkR70pChvAQ_7g?authuser=0&hl=en&rclk=1
103,Pearl Grand Banquet Hall Kaushambhi,4.0,https://www.google.com/maps/place/Pearl+Grand+Banquet+Hall+Kaushambhi/data=!4m7!3m6!1s0x390cfb2954129a25:0xad5407eafa1b1a7c!8m2!3d28.6396561!4d77.3270888!16s%2Fg%2F1hc2kczrx!19sChIJJZoSVCn7DDkRfBob-uoHVK0?authuser=0&hl=en&rclk=1
104,City Banquet Hall,3.7,https://www.google.com/maps/place/City+Banquet+Hall/data=!4m7!3m6!1s0x390cfabebedc5f5b:0xe6611e84d1950cae!8m2!3d28.6553218!4d77.359969!16s%2Fg%2F11b6jjs5vd!19sChIJW1_cvr76DDkRrgyV0YQeYeY?authuser=0&hl=en&rclk=1
105,Ram Palace Banquet,3.9,https://www.google.com/maps/place/Ram+Palace+Banquet/data=!4m7!3m6!1s0x390cef398e0ea505:0x1a9c90d23909bba6!8m2!3d28.6278906!4d77.4136993!16s%2Fg%2F11gxx7c2nl!19sChIJBaUOjjnvDDkRprsJOdKQnBo?authuser=0&hl=en&rclk=1
106,Annapurna Banquet Hall,3.9,https://www.google.com/maps/place/Annapurna+Banquet+Hall/data=!4m7!3m6!1s0x390cf16c0fa8bffb:0xa680ffb07d227cc8!8m2!3d28.6692305!4d77.4284729!16s%2Fg%2F11sgs9pf5f!19sChIJ-7-oD2zxDDkRyHwifbD_gKY?authuser=0&hl=en&rclk=1
107,The velvet leaf by Melrose Hotel Banquet Ghaziabad,4.2,https://www.google.com/maps/place/The+velvet+leaf+by+Melrose+Hotel+Banquet+Ghaziabad/data=!4m7!3m6!1s0x390cf1aba49f65df:0x513bb6e5234eb053!8m2!3d28.7008855!4d77.4136378!16s%2Fg%2F11vlr7vk0h!19sChIJ32WfpKvxDDkRU7BOI-W2O1E?authuser=0&hl=en&rclk=1
108,L' Elegant Banquet,3.9,https://www.google.com/maps/place/L%27+Elegant+Banquet/data=!4m7!3m6!1s0x390cef4c2d4f0567:0x73e6febc15e94735!8m2!3d28.6433305!4d77.4657956!16s%2Fg%2F11tj9n8lbc!19sChIJZwVPLUzvDDkRNUfpFbz-5nM?authuser=0&hl=en&rclk=1
109,New green diamond banquet,3.9,https://www.google.com/maps/place/New+green+diamond+banquet/data=!4m7!3m6!1s0x390cfb002dc3f993:0xac36827182795136!8m2!3d28.6550084!4d77.3592577!16s%2Fg%2F11vq2p0s4n!19sChIJk_nDLQD7DDkRNlF5gnGCNqw?authuser=0&hl=en&rclk=1
110,Deep Grand Banquet,3.8,https://www.google.com/maps/place/Deep+Grand+Banquet/data=!4m7!3m6!1s0x390cfad7a2071809:0x4af66c1aabc764a3!8m2!3d28.6441039!4d77.3349916!16s%2Fg%2F11d_ty1gm8!19sChIJCRgHotf6DDkRo2THqxps9ko?authuser=0&hl=en&rclk=1
111,TUNIGHT . ( Terrace Restro & Banquet)..,4.4,https://www.google.com/maps/place/TUNIGHT+.+%28+Terrace+Restro+%26+Banquet%29../data=!4m7!3m6!1s0x390cf167523eae51:0x366c354873605aa6!8m2!3d28.674165!4d77.4395199!16s%2Fg%2F11t88dxmz4!19sChIJUa4-UmfxDDkRplpgc0g1bDY?authuser=0&hl=en&rclk=1
112,"Orana Hotel and Convention, Vaishali | Hotel and Banquet",4.1,"https://www.google.com/maps/place/Orana+Hotel+and+Convention,+Vaishali+%7C+Hotel+and+Banquet/data=!4m7!3m6!1s0x390cfb83e4f8efed:0xaa862e5d9cbe6de4!8m2!3d28.6500694!4d77.3414093!16s%2Fg%2F11t5y4ld8q!19sChIJ7e_45IP7DDkR5G2-nF0uhqo?authuser=0&hl=en&rclk=1"
113,KRIYANSH BANQUET,4.6,https://www.google.com/maps/place/KRIYANSH+BANQUET/data=!4m7!3m6!1s0x390cef56ccc5c617:0xe8167290ee79534e!8m2!3d28.6228339!4d77.4373934!16s%2Fg%2F11rz3lf3nq!19sChIJF8bFzFbvDDkRTlN57pByFug?authuser=0&hl=en&rclk=1
114,THE CRYSTAL BANQUET AND FARM house,3.9,https://www.google.com/maps/place/THE+CRYSTAL+BANQUET+AND+FARM+house/data=!4m7!3m6!1s0x390cf1ff86df86a3:0x57f7bbc94fca5e7d!8m2!3d28.6494375!4d77.4699375!16s%2Fg%2F11c206kppg!19sChIJo4bfhv_xDDkRfV7KT8m791c?authuser=0&hl=en&rclk=1
115,Kalash A.C. Banquet and Party Lawn,4.3,https://www.google.com/maps/place/Kalash+A.C.+Banquet+and+Party+Lawn/data=!4m7!3m6!1s0x390cf31e6a5ceef1:0xcfe115ff938fb4e3!8m2!3d28.6699278!4d77.4883832!16s%2Fg%2F11p14kp39l!19sChIJ8e5cah7zDDkR47SPk_8V4c8?authuser=0&hl=en&rclk=1
116,Royal Grand Banquets,4.3,https://www.google.com/maps/place/Royal+Grand+Banquets/data=!4m7!3m6!1s0x390cfa9f6f447707:0xe0f9dcf6eb21d054!8m2!3d28.6618992!4d77.3744518!16s%2Fg%2F11clpy7xrs!19sChIJB3dEb5_6DDkRVNAh6_bc-eA?authuser=0&hl=en&rclk=1
117,Shree Nath Jee Hotel & Banquet,3.9,https://www.google.com/maps/place/Shree+Nath+Jee+Hotel+%26+Banquet/data=!4m7!3m6!1s0x390cf3fdb4127d05:0xed5b7d04c2851bdf!8m2!3d28.6567362!4d77.4702738!16s%2Fg%2F11f8hwkg74!19sChIJBX0StP3zDDkR3xuFwgR9W-0?authuser=0&hl=en&rclk=1
118,Royal Dream The Banquet,4.3,https://www.google.com/maps/place/Royal+Dream+The+Banquet/data=!4m7!3m6!1s0x390cf316a32ee657:0x6235ccdf9fb25db7!8m2!3d28.6816682!4d77.544294!16s%2Fg%2F11syrl7byk!19sChIJV-YuoxbzDDkRt12yn9_MNWI?authuser=0&hl=en&rclk=1
119,"Emerald Greens | Banquet Hall in Govindpuram, Ghaziabad",4.8,"https://www.google.com/maps/place/Emerald+Greens+%7C+Banquet+Hall+in+Govindpuram,+Ghaziabad/data=!4m7!3m6!1s0x390cf30055ba42c1:0x1aa03c6821d9be7c!8m2!3d28.6946499!4d77.4914365!16s%2Fg%2F11w9j_93n6!19sChIJwUK6VQDzDDkRfL7ZIWg8oBo?authuser=0&hl=en&rclk=1"
